{"pitch_frame": [-1.1113312718922108, 8.301863417399236, 106.87044507696397, 96.16434611346872], "pitch_phone": [-1.6673157272458559, 9.966636307046029, 172.7604055476614, 66.94058929022653], "energy_frame": [-1.055202841758728, 10.327265739440918, 40.27863468897251, 38.17145919157987], "energy_phone": [-1.2388300895690918, 8.484996795654297, 42.00593776471525, 33.90739207026229], "max_seq_len": 800}