{"pitch_frame": [-1.088011034042666, 8.944724527712626, 100.02113623138283, 91.93025907075545], "pitch_phone": [-1.6852696408570869, 11.773326920149128, 164.3716059070192, 62.51828828042439], "energy_frame": [-1.0465433597564697, 13.767906188964844, 39.715254488312574, 37.948982377298165], "energy_phone": [-1.24843168258667, 9.601493835449219, 42.23777374600146, 33.832595542556746], "max_seq_len": 1300}