{"pitch_frame": [-1.1073546967626264, 8.778214518279526, 103.31489062798761, 93.2988237012321], "pitch_phone": [-1.68342442981342, 11.409479916260723, 167.1957935762514, 64.26445939041844], "energy_frame": [-1.057671070098877, 10.246438026428223, 41.33949185038904, 39.08539761537911], "energy_phone": [-1.245778203010559, 9.275607109069824, 43.46410086055987, 34.889044457106706], "max_seq_len": 800}