{"pitch_frame": [-1.1474143919945206, 7.923090810190211, 109.14374785703136, 95.12147365287062], "pitch_phone": [-2.076430987069378, 11.436632530137604, 172.04518234040887, 53.40696358223939], "energy_frame": [-1.069403886795044, 10.088391304016113, 41.642672458500606, 38.940082871578376], "energy_phone": [-1.275901198387146, 7.563312530517578, 44.155775224546055, 34.60717456442236], "max_seq_len": 1300}