{"pitch_frame": [-1.6698518849453612, 7.7745775651750995, 168.5229666658534, 100.92090692904036], "pitch_phone": [-2.8392603202679405, 11.02253290618772, 215.8374428865542, 53.597685473444876], "energy_frame": [-1.3476848602294922, 8.912030220031738, 56.059065926862694, 41.59657009522433], "energy_phone": [-1.6209073066711426, 6.771149635314941, 59.425550369629455, 36.62738323645046], "max_seq_len": 800}