{"pitch_frame": [-1.8432447508728274, 6.845387474443173, 165.48177338034503, 89.77742825633158], "pitch_phone": [-2.7975668868140318, 8.198034116143496, 202.36085046319732, 49.57922180640135], "energy_frame": [-1.4127317667007446, 7.209959506988525, 62.26058960862332, 44.07106227453191], "energy_phone": [-1.7197195291519165, 5.940415382385254, 66.11669381465812, 38.41293341553757], "max_seq_len": 853}