{"pitch_frame": [-1.6684769750225068, 7.7717986222066795, 168.45830090950713, 100.96531353525855], "pitch_phone": [-2.8392671816069863, 11.022027667988615, 215.8432821379763, 53.599612555040245], "energy_frame": [-1.346956729888916, 8.912522315979004, 56.0300683615266, 41.597528002451824], "energy_phone": [-1.6207256317138672, 6.772060394287109, 59.4137380226866, 36.6242020169936], "max_seq_len": 1298}