{"pitch_frame": [-1.9163838833981508, 5.880884797804153, 152.39730953645426, 79.52337256469818], "pitch_phone": [-2.1097446695644786, 6.658731741018766, 179.27519554684625, 53.59681988194112], "energy_frame": [-1.3163914680480957, 5.8494553565979, 57.60815320134893, 43.762176728635666], "energy_phone": [-1.5994689464569092, 5.891190528869629, 62.371678556539045, 38.928710264203296], "max_seq_len": 820}