{"pitch_frame": [-1.7789400924597276, 8.017679131876077, 173.07803914191769, 97.29278679789826], "pitch_phone": [-2.76348156044581, 10.783368622763456, 215.21934671215553, 54.84374769054182], "energy_frame": [-1.3675788640975952, 7.426265716552734, 59.09761407837951, 43.2133151829687], "energy_phone": [-1.6412484645843506, 6.454850673675537, 62.369982859420205, 37.96603430835279], "max_seq_len": 794}